{
  "name": "AWS Athena datasource",
  "id": "mtanda-aws-athena-datasource",
  "type": "datasource",
  "partials": {
    "config": "public/app/plugins/datasource/mtanda-aws-athena-datasource/config.html"
  },
  "metrics": true,
  "annotations": false,
  "hiddenQueries": true,
  "backend": true,
  "executable": "aws-athena-plugin",
  "info": {
    "description": "AWS Athena datasource",
    "author": {
      "name": "Mitsuhiro Tanda"
    },
    "links": [
      {
        "name": "GitHub",
        "url": "https://github.com/mtanda/grafana-aws-athena-datasource"
      },
      {
        "name": "Apache License",
        "url": "https://github.com/mtanda/grafana-aws-athena-datasource/blob/master/LICENSE"
      }
    ],
    "version": "2.2.7",
    "updated": "2020-08-03",
    "build": {
      "time": 1596438636560,
      "branch": "HEAD",
      "hash": "438bd57d6d8937ef243ff90c168a153156f76705"
    }
  },
  "dependencies": {
    "grafanaVersion": "7.x.x",
    "plugins": []
  }
}