{
  "name": "AWS Athena datasource",
  "id": "mtanda-aws-athena-datasource",
  "type": "datasource",
  "partials": {
    "config": "public/app/plugins/datasource/mtanda-aws-athena-datasource/config.html"
  },
  "metrics": true,
  "annotations": false,
  "hiddenQueries": true,
  "backend": true,
  "executable": "aws-athena-plugin",
  "info": {
    "description": "AWS Athena datasource",
    "author": {
      "name": "Mitsuhiro Tanda"
    },
    "links": [
      {
        "name": "GitHub",
        "url": "https://github.com/mtanda/grafana-aws-athena-datasource"
      },
      {
        "name": "Apache License",
        "url": "https://github.com/mtanda/grafana-aws-athena-datasource/blob/master/LICENSE"
      }
    ],
    "version": "2.2.8",
    "updated": "2020-10-04"
  },
  "dependencies": {
    "grafanaVersion": "7.x.x",
    "plugins": []
  }
}
